donanim,motor
1.8 TCT,1800
1.8 TCT,1800
2.0 200hp SUPER RWD BENZƒ∞NLƒ∞ AT,2000
2.0 280hp VELOCE AWD BENZƒ∞NLƒ∞ AT,2000
2.9 510hp QV RWD BENZƒ∞NLƒ∞ AT,2900
1.4 TB MULTIAIR SUPER BENZƒ∞NLƒ∞ TCT,1400
1.6 JTD 120hp PROGRESSION Dƒ∞ZEL MT,1600
1.6 JTD 120hp SUPER Dƒ∞ZEL MT,1600
1.6 JTDM 120hp SUPER Dƒ∞ZEL TCT,1600
1.6 JTDM PROGRESSION Dƒ∞ZEL TCT,1600
1.0 TFSI 95 hp Dynamic S tronic,1000
1.0 TFSI 95 hp Sport S tronic,1000
1.4 TFSI 125 hp Dynamic S tronic,1400
1.4 TFSI 125 hp Sport S tronic ,1400
1.6 TDI 116 hp Dynamic S tronic ,1600
1.6 TDI 116 hp Sport S tronic ,1600
1.4 TFSI 150 hp (COD) Design Line S tronic PI,1400
1.4 TFSI 150 hp (COD) Dynamic S tronic PI,1400
1.4 TFSI 150 hp (COD) Sport Line S tronic PI,1400
1.0 TFSI 116 hp Design Line S tronic PI,1000
1.0 TFSI 116 hp Dynamic S tronic PI,1000
1.0 TFSI 116 hp Sport Line S tronic PI,1000
1.4 TFSI 150 hp (COD) Design Line S tronic PI,1400
1.4 TFSI 150 hp (COD) Dynamic S tronic PI,1400
1.4 TFSI 150 hp (COD) Sport Line S tronic PI,1400
1.6 TDI 110 hp Design Line S tronic PI,1600
1.6 TDI 110 hp Dynamic S tronic PI,1600
1.6 TDI 110 hp Sport Line S tronic PI ,1600
1.6 TDI 116 hp Design Line S tronic PI,1600
1.6 TDI 116 hp Dynamic S tronic PI,1600
1.6 TDI 116 hp Sport Line S tronic PI,1600
1.0 TFSI 116 hp Design Line S tronic PI,1000
1.0 TFSI 116 hp Dynamic S tronic PI,1000
1.0 TFSI 116 hp Sport Line S tronic PI,1000
1.4 TFSI 150 hp (COD) Design Line S tronic PI,1400
1.4 TFSI 150 hp (COD) Dynamic S tronic PI,1400
1.4 TFSI 150 hp (COD) Sport Line S tronic PI,1400
1.6 TDI 110 hp Design Line S tronic PI,1600
1.6 TDI 110 hp Dynamic S tronic PI,1600
1.6 TDI 110 hp Sport Line S tronic PI ,1600
1.6 TDI 116 hp Design Line S tronic PI,1600
1.6 TDI 116 hp Dynamic S tronic PI,1600
1.6 TDI 116 hp Sport Line S tronic PI,1600
1.4 TFSI 150 hp Design S tronic,1400
1.4 TFSI 150 hp Dynamic S tronic,1400
1.4 TFSI 150 hp Sport S tronic,1400
2.0 TDI 190 hp Design S tronic,2000
2.0 TDI 190 hp Dynamic S tronic,2000
2.0 TDI 190 hp quattro Design S tronic,2000
2.0 TDI 190 hp quattro Dynamic S tronic,2000
2.0 TDI 190 hp quattro Sport S tronic,2000
2.0 TDI 190 hp Sport S tronic,2000
2.0 TFSI 252 hp quattro Design S tronic,2000
2.0 TFSI 252 hp quattro Dynamic S tronic,2000
2.0 TFSI 252 hp quattro Sport S tronic,2000
2.0 TDI quattro 190 hp S tronic,2000
2.0 TFSI quattro 252 hp S tronic,2000
1.4 TFSI 150 hp Design S tronic,1400
1.4 TFSI 150 hp Dynamic S tronic,1400
1.4 TFSI 150 hp Sport S tronic,1400
2.0 TDI 190 hp Design S tronic,2000
2.0 TDI 190 hp Dynamic S tronic,2000
2.0 TDI 190 hp quattro Design S tronic,2000
2.0 TDI 190 hp quattro Dynamic S tronic,2000
2.0 TDI 190 hp quattro Sport S tronic,2000
2.0 TDI 190 hp Sport S tronic,2000
2.0 TFSI 252 hp quattro Design S tronic,2000
2.0 TFSI 252 hp quattro Dynamic S tronic,2000
2.0 TFSI 252 hp quattro Sport S tronic,2000
1.4 TFSI 150 hp Design S tronic,1400
1.4 TFSI 150 hp Dynamic S tronic,1400
1.4 TFSI 150 hp Sport S tronic,1400
2.0 TDI 190 hp Design S tronic,2000
2.0 TDI 190 hp Dynamic S tronic,2000
2.0 TDI 190 hp quattro Design S tronic,2000
2.0 TDI 190 hp quattro Dynamic S tronic,2000
2.0 TDI 190 hp quattro Sport S tronic,2000
2.0 TDI 190 hp Sport S tronic,2000
2.0 TFSI 252 hp quattro Design S tronic,2000
2.0 TFSI 252 hp quattro Dynamic S tronic,2000
2.0 TFSI 252 hp quattro Sport S tronic,2000
1.4 TFSI 150 hp Design S tronic,1400
1.4 TFSI 150 hp Dynamic S tronic,1400
1.4 TFSI 150 hp Sport S tronic,1400
2.0 TDI 190 hp  Sport S tronic,2000
2.0 TDI 190 hp Design S tronic,2000
2.0 TDI 190 hp Dynamic S tronic,2000
2.0 TDI 190 hp quattro Design S tronic,2000
2.0 TDI 190 hp quattro Dynamic S tronic,2000
2.0 TDI 190 hp quattro Sport S tronic,2000
2.0 TFSI 252 hp quattro Design S tronic,2000
2.0 TFSI 252 hp quattro Dynamic S tronic,2000
2.0 TFSI 252 hp quattro Sport S tronic,2000
2.0 TDI 190 hp quattro S tronic ,2000
2.0 TDI 190 hp S tronic ,2000
3.0 TDI 272 hp quattro S tronic ,3000
3.0 TDI 320 hp quattro tiptronic,3000
3.0 TDI 272 hp quattro S tronic,3000
3.0 TDI 320 hp quattro tiptronic,3000
2.0 TDI 190 hp quattro S tronic,2000
2.0 TDI 190 hp S tronic,2000
2.0 TFSI 252 hp quattro S tronic,2000
3.0 TDI 272 hp quattro S tronic,3000
3.0 TDI 320 hp quattro tiptronic,3000
2.0 TFSI 252 hp quattro tiptronic,2000
3.0 TDI 262 hp quattro tiptronic,3000
4.0 TFSI 435 hp quattro tiptronic,4000
4.2 TDI 385 hp quattro tiptronic,4200
6.3 FSI 500 hp quattro tiptronic,6300
1.4 Turbo FSI 150 hp (COD) Design S tronic,1400
1.4 Turbo FSI 150 hp (COD) Dynamic S tronic,1400
1.4 Turbo FSI 150 hp (COD) Sport S tronic,1400
1.6 TDI 116 hp Design S tronic,1600
1.6 TDI 116 hp Dynamic S tronic,1600
1.6 TDI 116 hp Sport S tronic,1600
1.4 TFSI 150 hp (COD) S tronic,1400
2.0 TDI 184 hp quattro S tronic,2000
2.0 TDI 190 hp quattro Design S tronic,2000
2.0 TDI 190 hp quattro S tronic,2000
2.0 TFSI 230 hp quattro tiptronic,2000
2.0 TFSI 252 hp quattro tiptronic,2000
3.0 TDI 272 hp quattro tiptronic,3000
5.2 FSI V10 plus quattro S tronic,5200
5.2 FSI V10 quattro S tronic,5200
4.0 TFSI 560 hp quattro tiptronic,4000
4.0 TFSI 605 hp performance quattro tiptronic,4000
4.0 TFSI 560 hp quattro tiptronic,4000
4.0 TFSI 605 hp performance quattro tiptronic,4000
4.0 TFSI 520 hp quattro tiptronic,4000
4.0 TFSI 605 hp plus quattro tiptronic,4000
2.0 TFSI 230 hp quattro S tronic,2000
2.0 TFSI 310 hp quattro S tronic,2000
1.5 116BG Joy,1500
1.5 116BG Joy Plus,1500
1.5 116BG M Plus,1500
1.5 116BG Pure,1500
1.5 136BG Joy,1500
1.5 136BG Joy Plus,1500
1.5 136BG M Plus,1500
1.5 136BG Pure,1500
1.5 116BG Joy,1500
1.5 116BG Luxury Line,1500
1.5 116BG M Sport,1500
1.5 116BG Prestige,1500
1.5 116BG Sport Line,1500
1.5 116BG Joy,1500
1.5 116BG Luxury Line,1500
1.5 116BG M Sport,1500
1.5 116BG Prestige,1500
1.5 116BG Sport Line,1500
1.5 136BG Joy,1500
1.5 136BG Luxury Line,1500
1.5 136BG M Sport,1500
1.5 136BG Prestige,1500
1.5 136BG Sport Line,1500
1.5 136BG Joy,1500
1.5 136BG Luxury Line,1500
1.5 136BG M Sport,1500
1.5 136BG Prestige,1500
1.5 136BG Sport Line,1500
2.0 150BG 40th Year Edition,2000
2.0 150BG Joy,2000
2.0 150BG Luxury Plus,2000
2.0 150BG M Plus,2000
2.0 150BG Prestige,2000
2.0 150BG Sport Plus,2000
1.5 136BG 40th Year Edition,1500
1.5 136BG Joy,1500
1.5 136BG Luxury Plus,1500
1.5 136BG M Plus,1500
1.5 136BG Prestige,1500
1.5 136BG Sport Plus,1500
2.0 190BG 40th Year Edition,2000
2.0 190BG Joy,2000
2.0 190BG Luxury Plus,2000
2.0 190BG M Plus,2000
2.0 190BG Prestige,2000
2.0 190BG Sport Plus,2000
2.0 190BG 40th Year Edition xDrive,2000
2.0 190BG Joy xDrive,2000
2.0 190BG Luxury Plus xDrive,2000
2.0 190BG M Plus xDrive,2000
2.0 190BG Prestige xDrive,2000
2.0 190BG Sport Plus Xdrive,2000
2.0 190BG 40th Year Edition,2000
2.0 190BG Joy xDrive,2000
2.0 190BG Luxury Plus xDrive,2000
2.0 190BG M Plus xDrive,2000
2.0 190BG Prestige xDrive,2000
2.0 190BG Sport Plus xDrive,2000
2.0 150BG Joy,2000
2.0 150BG Luxury Plus,2000
2.0 150BG M Plus,2000
2.0 150BG Prestige,2000
2.0 150BG Sport Plus,2000
2.0 150BG Ultimate M Sport,2000
2.0 190BG Joy,2000
2.0 190BG Luxury Plus,2000
2.0 190BG M Plus,2000
2.0 190BG Prestige,2000
2.0 190BG Sport Plus,2000
2.0 190BG Ultimate M Sport,2000
1.5 136BG Joy,1500
1.5 136BG Luxury Plus,1500
1.5 136BG M Plus,1500
1.5 136BG Prestige,1500
1.5 136BG Sport Plus,1500
1.5 136BG Ultimate M Sport,1500
1.5 136BG Joy,1500
1.5 136BG Luxury Plus,1500
1.5 136BG M Plus,1500
1.5 136BG Prestige,1500
1.5 136BG Sport Plus,1500
1.5 136BG Ultimate M Sport,1500
2.0 190BG Luxury Line,2000
2.0 190BG M PLus,2000
2.0 190BG Sport Line,2000
2.0 190BG Ultimate M Sport,2000
2.0 190BG Joy xDrive,2000
2.0 190BG Luxury Plus xDrive,2000
2.0 190BG M Plus xDrive,2000
2.0 190BG Sport Plus xDrive,2000
2.0 190BG Ultimate M Sport xDrive,2000
2.0 190BG Joy xDrive,2000
2.0 190BG Luxury Plus xDrive,2000
2.0 190BG M Plus xDrive,2000
2.0 190BG Sport Plus xDrive,2000
2.0 190BG Ultimate M Sport xDrive,2000
2.0 252BG Luxury Line xDrive,2000
2.0 252BG M Sport xDrive,2000
2.0 252BG Sport Line xDrive,2000
2.0 252BG Ulitmate M Sport xDrive,2000
2.0 252BG Joy xDrive,2000
2.0 252BG Luxury Plus xDrive,2000
2.0 252BG M Plus xDrive,2000
2.0 252BG Sport Plus xDrive,2000
2.0 252BG Ultimate M Sport xDrive,2000
2.0 252BG Joy xDrive,2000
2.0 252BG Luxury Plus xDrive,2000
2.0 252BG M Plus xDrive,2000
2.0 252BG Sport Plus xDrive,2000
2.0 252BG Ultimate M Sport xDrive,2000
2.0 190BG Luxury Line,2000
2.0 190BG M Sport,2000
2.0 190BG Prestige,2000
2.0 190BG Sport Line,2000
2.0 190BG Luxury Line xDrive,2000
2.0 190BG M Sport xDrive,2000
2.0 190BG Prestige xDrive,2000
2.0 190BG Sport Line xDrive,2000
3.0 265BG Luxury Line xDrive,3000
3.0 265BG M Sport xDrive,3000
3.0 265BG Prestige xDrive,3000
3.0 265BG Sport Line xDrive,3000
2.0 252BG Executive Luxury,2000
2.0 252BG Executive M,2000
2.0 252BG Executive Prestige,2000
2.0 252BG Executive Sport,2000
2.0 252BG Executive Luxury xDrive,2000
2.0 252BG Executive M xDrive,2000
2.0 252BG Executive Prestige xDrive,2000
2.0 252BG Executive Sport xDrive,2000
3.0 340BG Executive Luxury xDrive,3000
3.0 340BG Executive M xDrive,3000
3.0 340BG Executive Prestige xDrive,3000
3.0 340BG Executive Sport xDrive,3000
3.0 313BG M Sport xDrive,3000
3.0 313BG Pure xDrive,3000
3.0 313BG Pure Excellence xDrive,3000
3.0 313BG Pure Experience xDrive,3000
3.0 313BG M Sport xDrive,3000
3.0 313BG Pure xDrive,3000
3.0 313BG Pure Excellence xDrive,3000
3.0 313BG Pure Experience xDrive,3000
3.0 313BG M Sport xDrive,3000
3.0 313BG Pure xDrive,3000
3.0 313BG Pure Excellence xDrive,3000
3.0 313BG Pure Experience xDrive,3000
2.0 231BG M Excellence,2000
2.0 231BG M Sport,2000
2.0 231BG Pure Excellence,2000
2.0 231BG M Excellence,2000
2.0 231BG M Sport,2000
2.0 231BG Pure Excellence,2000
3.0 265BG M Excellence xDrive,3000
3.0 265BG M Sport xDrive,3000
3.0 265BG Pure Excellence xDrive,3000
2.0 258BG M Excellence,2000
2.0 258BG M Sport,2000
2.0 258BG Pure Excellence,2000
3.0 265BG M Excellence xDrive,3000
3.0 265BG M Sport xDrive,3000
3.0 265BG Pure Excellence xDrive,3000
2.0 258BG M Excellence,2000
2.0 258BG M Sport,2000
2.0 258BG Pure Excellence,2000
2.0 326¬†3BG M Excellence xDrive iPerformance,2000
2.0 326¬†3BG M Sport xDrive iPerformance,2000
2.0 326¬†3BG Pure Excellence xDrive iPerformance,2000
3.0 400BG M Excellence xDrive,3000
3.0 400BG M Sport xDrive,3000
3.0 400BG Pure Excellence xDrive,3000
1.5 362 (266)¬†4BG Premium Techno,1
1.5 362 (266)¬†4BG Pure,1
3.0 370BG Pure,3
3.0 431BG M Competition,3
3.0 431BG Pure,3
3.0 431BG M Competition,3
3.0 431BG Pure,3
3.0 431BG M Competition,3
3.0 431BG Pure,3
4.4 560BG Pure,4
4.4 560BG Pure,4
4.4 560BG Pure,4
6.6 609BG Luxury xDrive,6
6.6 609BG Pure xDrive,6
1.5 116BG Joy sDrive16d¬†2,1
1.5 116BG M Sport sDrive16d¬†2,1
1.5 116BG Prestige sDrive16d¬†2,1
1.5 116BG Sport Line sDrive16d¬†2,1
1.5 116BG X Line sDrive16d¬†2,1
1.5 136BG Joy sDrive18i,1
1.5 136BG M Sport sDrive18i,1
1.5 136BG Prestige sDrive18i,1
1.5 136BG Sport Line sDrive18i,1
1.5 136BG X Line sDrive18i,1
1.6 170BG Joy sDrive20i,1
1.6 170BG M Plus sDrive20i,1
1.6 170BG Prestige sDrive20i,1
1.6 170BG X Plus sDrive20i,1
2.0 190BG Joy xDrive20d,2
2.0 190BG M Plus xDrive20d,2
2.0 190BG Prestige xDrive20d,2
2.0 190BG X Plus xDrive20d,2
2.0 190BG Exclusive xDrive20d,2
2.0 190BG Joy xDrive20d,2
2.0 190BG M Sport xDrive20d,2
2.0 190BG X Line xDrive20d,2
2.0 231BG M Plus xDrive25d,2
2.0 231BG Prestige xDrive25d,2
2.0 231BG Pure xDrive25d,2
2.0 313¬†3BG M Plus xDrive40e iPerformance¬†2,2
2.0 313¬†3BG Prestige xDrive40e iPerformance¬†2,2
2.0 313¬†3BG Pure xDrive40e iPerformance¬†2,2
3.0 313BG M Plus xDrive40d,3
3.0 313BG Prestige Plus xDrive40d,3
3.0 313BG Pure xDrive40d,3
1.2 PURETECH 82HP M/T LIVE,1
1.6 HDI 92HP M/T ATTRACTION,1
1.6 HDI 92HP M/T CONFORT,1
1.6 HDI 92HP M/T EXCLUSIVE,1
1.6 HDI 92HP M/T FEEL,1
1.6 HDI 92HP M/T LIVE,1
1.6 HDI 92HP M/T SHINE,1
1.2 PURETECH 82HP BVM5 FEEL,1
1.2 PURETECH 82HP BVM5 LIVE,1
1.6 BLUEHDI 100HP S&S BVM5 SHINE,1
1.6 BLUEHDI 75HP S&S BVM5 FEEL,1
1.6 BLUEHDI 75HP S&S BVM5 LIVE,1
1.6 BLUEHDI 120HP EAT6 CONFORT,1
1.6 HDI 92HP M/T CONFORT,1
1.6 HDI 92HP M/T EASY,1
1.2 PURETECH 82HP ETG5 FEEL,1
1.2 PURETECH 82HP ETG5 SHINE,1
1.6 E-HDI 92HP ETG6 FEEL,1
1.6 E-HDI 92HP ETG6 SHINE,1
1.6 BLUEHDI 120HP EAT6 INTENSIVE 5K,1
1.6 BLUEHDI 120HP EAT6 INTENSIVE 7K,1
1.5 dCi 110 bg Ambiance 4x4,1
1.5 dCi 110 bg EDC Blackshadow,1
1.5 dCi 110 bg EDC Laureate 4x2,1
1.5 dCi 110 bg Laureate 4x2,1
1.5 dCi 110 bg Laureate 4x4,1
1.5 dCi 90 bg Ambiance 4x2,1
1.5 dCi 90 bg Laureate 4x2,1
1.6 16V 115 bg Ambiance 4x2,1
1.5 dCi 110 bg Stepway - 5 koltuklu,1
1.5 dCi 110 bg Stepway - 7 koltuklu,1
1.5 dCi 90 bg Laureate - 5 koltuklu,1
1.5 dCi 90 bg Laureate - 7 koltuklu,1
1.0 Sce 75 bg Ambiance,1
1.5 dCi 90 bg Ambiance,1
1.0 90 bg Easy-R Stepway Turbo ,1
1.0 90 bg Stepway Turbo,1
1.0 Sce 75 bg Ambiance,1
1.5 dCi 90 bg Easy-R Stepway,1
1.5 dCi 90 bg Stepway,1
0.9 105 HP Twinair 500 Sport,0
0.9 85 HP Twinair Dualogic 500 Sport,0
1.2 Fire 69 HP 500 Pop,1
1.2 Fire 69 HP Dualogic 500 Lounge,1
1.2 Fire 69 HP Dualogic 500 Sport,1
1.2 Fire 69 HP Dualogic 500C Lounge,1
1.2 Fire 69 HP Dualogic 500C Riva,1
1.3 M.Jet 95 HP Dualogic Popstar,1
1.3 M.Jet 95 HP Dualogic Rockstar,1
1.3 M.Jet 95 HP Popstar,1
1.3 M.Jet 95 HP Rockstar,1
1.4 Fire 95 HP Popstar,1
1.6 M.Jet 120 HP Rockstar,1
1.3 M.Jet 95 HP Dualogic (5 Koltuk) Lounge,1
1.3 M.Jet 95 HP Dualogic (7 Koltuk) Lounge,1
1.6 M.Jet 120 HP (7 Koltuk) Lounge,1
1.3 M.Jet 95 HP Cross,1
1.4 Multi Air 140 HP DCT Cross,1
1.4 Multi Air 140 HP DCT Cross Plus,1
1.4 Multi Air 170 HP AT9 4X4 Cross Plus,1
1.6 E-TORQ 110 HP Pop Plus,1
1.6 Multi Jet 120 HP Cross Plus,1
1.6 Multi Jet 120 HP DCT Cross,1
1.6 Multi Jet 120 HP DCT Cross Plus,1
1.6 M.Jet 105 HP Easy,1
1.6 M.Jet 105 HP Easy Maxi,1
1.6 M.Jet 105 HP Premio Plus (Gri / Black),1
1.6 M.Jet 105 HP Safeline,1
1.6 M.Jet 90 HP Conformatic Premio Plus (Gri / Black),1
1.3 M.Jet 95 HP Easy Plus,1
1.3 M.Jet 95 HP Urban Plus,1
1.4 Fire 95 HP Easy Plus,1
1.4 Fire 95 HP Lounge Plus,1
1.4 Fire 95 HP Urban Plus,1
1.4 T-Jet 120 HP Lounge Plus,1
1.6 E-Torq 110 HP AT6 Easy Plus,1
1.6 E-Torq 110 HP AT6 Lounge Plus,1
1.6 E-Torq 110 HP AT6 Urban Plus,1
1.6 M.Jet 120 HP DCT Easy Plus,1
1.6 M.Jet 120 HP DCT Lounge Plus,1
1.6 M.Jet 120 HP DCT Urban Plus,1
1.6 M.Jet 120 HP Lounge Plus,1
1.6 M.Jet 120 HP Urban Plus,1
1.3 M.Jet 95 HP Easy,1
1.3 M.Jet 95 HP Lounge,1
1.3 M.Jet 95 HP Urban,1
1.4 Fire 95 HP Easy,1
1.4 Fire 95 HP Lounge,1
1.4 Fire 95 HP Urban,1
1.6 E-Torq 110 HP AT6 Lounge,1
1.6 E-Torq 110 HP AT6 Urban,1
1.6 M.Jet 120 HP DCT Comfort,1
1.6 M.Jet 120 HP DCT Lounge,1
1.6 M.Jet 120 HP DCT Urban,1
1.6 M.Jet 120 HP Lounge,1
1.6 M.Jet 120 HP Urban,1
1.6 E-Torq 110 HP AT6 Lounge Plus,1
1.6 E-Torq 110 HP AT6 Urban Plus,1
1.6 M.Jet 120 HP DCT Lounge Plus,1
1.6 M.Jet 120 HP DCT Urban Plus,1
1.6 M.Jet 120 HP Lounge Plus,1
1.6 M.Jet 120 HP Urban Plus,1
1.3 M.Jet 75 HP Emotion,1
1.3 M.Jet 75 HP Pop,1
1.3 M.Jet 95 HP Premio,1
1.3 M.Jet 95 HP Pop,1
1.3 M.Jet 95 HP Urban,1
1.4 77 HP Pop,1
0.9 85 HP Twinair Dualogic Lounge S1,0
1.2 69 HP Pop S1,1
1.3 M.Jet 95 HP Cross S1,1
1.4 Fire 77 HP S&S Popstar,1
1.5L TDCi 95PS (215 Nm) Titanium,1
1.6L Ti-VCT 105PS (150 Nm) Titanium,1
1.6L Ti-VCT 105PS (150 Nm) Trend,1
1.5L EcoBoost 182PS (240 Nm) Titanium,1
1.5L EcoBoost 182PS (240 Nm) Trend,1
1.5L TDCi 120PS (300Nm) Titanium,1
1.5L TDCi 120PS (300Nm) Trend,1
1.6L TDCi  115PS (270Nm) Titanium,1
1.6L TDCi  115PS (270Nm) Trend,1
1.6L Ti-VCT 125PS (159 Nm) Trend,1
1.5L EcoBoost 182PS (240 Nm) Titanium,1
1.5L TDCi 120PS (270Nm) Titanium,1
1.5L TDCi 120PS (300Nm) Titanium,1
1.0L Ecoboost 100PS (170 Nm) ST Line ,1
1.0L Ecoboost 140PS (180 Nm) ST Line ,1
1.2L 82PS (114 Nm) Trend,1
1.2L 82PS (114 Nm) Trend X,1
1.4L  96PS (128 Nm) Titanium,1
1.5L TDCi 75PS (185 Nm) Titanium,1
1.5L TDCi 75PS (185 Nm) Trend,1
1.5L TDCi 75PS (185 Nm) Trend X,1
1.6L Ti-VCT  105PS (150 Nm) Titanium,1
1.6L Ti-VCT  105PS (150 Nm) Trend,1
1.6L Ti-VCT  105PS (150 Nm) Trend X,1
1.0L EcoBoost 125PS (170 Nm) Titanium,1
1.0L EcoBoost 125PS (170 Nm) Titanium,1
1.5L TDCi 120PS (300 Nm) Style,1
1.5L TDCi 120PS (300 Nm) Titanium,1
1.5L TDCi 120PS (300 Nm) Trend X,1
1.6L TDCi 115PS (270 Nm) Style,1
1.6L TDCi 115PS (270 Nm) Titanium,1
1.6L TDCi 95PS (230 Nm) Trend X,1
1.6L Ti-VCT 125PS (159 Nm) Style,1
1.6L Ti-VCT 125PS (159 Nm) Style,1
1.6L Ti-VCT 125PS (159 Nm) Titanium,1
1.6L Ti-VCT 125PS (159 Nm) Titanium,1
1.6L Ti-VCT 125PS (159 Nm) Trend X,1
1.6L Ti-VCT 125PS (159 Nm) Trend X,1
1.0L EcoBoost 125PS (170 Nm) ST Line ,1
1.0L EcoBoost 125PS (170 Nm) Titanium,1
1.0L EcoBoost 125PS (170 Nm) Titanium,1
1.5L TDCi 120PS (300 Nm) ST Line ,1
1.5L TDCi 120PS (300 Nm) Style,1
1.5L TDCi 120PS (300 Nm) Titanium,1
1.5L TDCi 120PS (300 Nm) Trend X,1
1.6L TDCi 115PS (270 Nm) Style,1
1.6L TDCi 115PS (270 Nm) Titanium,1
1.6L TDCi 95PS (230 Nm) Trend X,1
1.6L Ti-VCT 125PS (159 Nm) ST Line ,1
1.6L Ti-VCT 125PS (159 Nm) Style,1
1.6L Ti-VCT 125PS (159 Nm) Style,1
1.6L Ti-VCT 125PS (159 Nm) Titanium,1
1.6L Ti-VCT 125PS (159 Nm) Titanium,1
1.6L Ti-VCT 125PS (159 Nm) Trend X,1
1.6L Ti-VCT 125PS (159 Nm) Trend X,1
1.5L TDCi 120PS (300 Nm) Style,1
1.5L TDCi 120PS (300 Nm) Titanium,1
1.5L TDCi 120PS (300 Nm) Trend X,1
1.6L TDCi 115PS (270 Nm) Style,1
1.6L TDCi 115PS (270 Nm) Titanium,1
1.6L TDCi 95PS (230 Nm) Trend X,1
1.5L EcoBoost 160PS (240 Nm) Style,1
2.0L TDCi 180PS (400Nm) Titanium,2
1.5L EcoBoost 182PS (240 Nm) Style,1
1.5L TDCi 120PS 120PS (270Nm) Style,1
1.5L TDCi 120PS 120PS (270Nm) Titanium,1
1.5L TDCi 120PS 120PS (300Nm) ST-Line,1
1.5L TDCi 120PS 120PS (300Nm) Style,1
1.5L TDCi 120PS 120PS (300Nm) Titanium,1
1.5L EcoBoost 160PS (240 Nm) Style,1
1.5L EcoBoost 160PS (240 Nm) Titanium,1
1.6L TDCi 115PS (270Nm) Style,1
1.6L TDCi 115PS (270Nm) Titanium,1
2.0L TDCi 180PS (400Nm) Style,2
2.0L TDCi 180PS (400Nm) Titanium,2
1.5L EcoBoost 160PS (240 Nm) Titanium,1
1.5L EcoBoost 160PS (240 Nm) Titanium,1
1.5L EcoBoost 160PS (240 Nm) Style,1
2.0L TDCi 180PS (400Nm) Titanium,2
1.5L 182PS Sport,1
1.5L 182PS RS,1
1.6L 125PS Elegance,1
1.6L 125PS Elegance,1
1.6L 125PS Elegance ECO,1
1.6L 125PS Elegance ECO,1
1.6L 125PS Executive,1
1.6L 125PS Executive ECO,1
1.6L 125PS Executive ECO,1
1.6L 125PS Premium,1
1.6L 125PS Premium ECO,1
1.6L 125PS Premium ECO,1
1.6L 120PS Elegance,1
1.6L 120PS Premium,1
1.6L 160PS Elegance,1
1.6L 160PS Executive,1
1.6L 160PS Executive+,1
1.6L 160PS Premium,1
1.5L 130PS Elegance,1
1.5L 130PS Elegance,1
1.5L 130PS Executive,1
1.5L 130PS Executive,1
1.5L 130PS Premium,1
1.6L 120PS Elegance,1
1.6L 120PS Premium,1
1.3L 102PS Dream,1
1.3L 102PS Elegance,1
1.3L 102PS Elegance,1
1.3L 102PS Premium,1
2.0L 310PS Sport,2
1.4 D-CVVT MODE (BENZƒ∞NLƒ∞),1
1.4 D-CVVT MODE PLUS (BENZƒ∞NLƒ∞),1
1.4 D-CVVT MODE PLUS CVT OTM. (BENZƒ∞NLƒ∞),1
1.4 D-CVVT PRIME (BENZƒ∞NLƒ∞),1
1.4 D-CVVT PRIME CVT OTM. (BENZƒ∞NLƒ∞),1
1.6 CRDI MODE (Dƒ∞ZEL),1
1.6 CRDI MODE DCT (Dƒ∞ZEL),1
1.6 CRDI MODE PLUS (Dƒ∞ZEL),1
1.6 CRDI MODE PLUS DCT (Dƒ∞ZEL),1
1.6 CRDI PRIME (Dƒ∞ZEL),1
1.6 CRDI PRIME DCT (Dƒ∞ZEL),1
1.6 CRDi ELITE (Dƒ∞ZEL),1
1.6 CRDi ELITE DCT (Dƒ∞ZEL),1
1.6 CRDi ELITE PLUS DCT (Dƒ∞ZEL),1
1.6 CRDi ELITE PLUS DCT (SUNROOF) (Dƒ∞ZEL),1
1.6 D-CVVT STYLE (BENZƒ∞NLƒ∞),1
1.6 D-CVVT STYLE OTM. (BENZƒ∞NLƒ∞),1
1.0 D-CVVT JUMP (BENZƒ∞NLƒ∞),1
1.0 D-CVVT JUMP OTM. (BENZƒ∞NLƒ∞),1
1.0 D-CVVT STYLE OTM. (BENZƒ∞NLƒ∞),1
1.2 D-CVVT ELITE OTM. (BENZƒ∞NLƒ∞),1
1.2 D-CVVT STAR OTM. (BENZƒ∞NLƒ∞),1
1.0 T-GDI STAR (BENZƒ∞NLƒ∞) ,1
1.2 MPI ELITE (BENZƒ∞NLƒ∞),1
1.2 MPI JUMP (BENZƒ∞NLƒ∞),1
1.2 MPI STYLE (BENZƒ∞NLƒ∞),1
1.4 CRDi ELITE (Dƒ∞ZEL),1
1.4 CRDi JUMP (Dƒ∞ZEL),1
1.4 CRDi STYLE (Dƒ∞ZEL),1
1.4 MPI ELITE OTM. (BENZƒ∞NLƒ∞),1
1.4 MPI JUMP OTM. (BENZƒ∞NLƒ∞),1
1.4 MPI STAR OTM. (BENZƒ∞NLƒ∞)  ,1
1.4 MPI STYLE OTM. (BENZƒ∞NLƒ∞),1
1.0 T-GDI ELITE (BENZƒ∞NLƒ∞),1
1.4 MPI ELITE OTM. (BENZƒ∞NLƒ∞),1
1.4 MPI (BENZƒ∞NLƒ∞),1
1.4 MPI OTM. (BENZƒ∞NLƒ∞),1
1.4 MPI BLUE DRIVE (BENZƒ∞NLƒ∞),1
1.6 CRDi BLUE DRIVE (Dƒ∞ZEL),1
1.6 CRDi BLUE DRIVE DCT (Dƒ∞ZEL),1
1.6 CRDi ELITE (Dƒ∞ZEL),1
1.6 CRDi ELITE DCT (Dƒ∞ZEL),1
1.6 CRDi STYLE (Dƒ∞ZEL),1
1.6 CRDi STYLE DCT (Dƒ∞ZEL),1
1.6 CRDi STYLE DESIGN PACK DCT (Dƒ∞ZEL),1
1.6 GDI ELITE (BENZƒ∞NLƒ∞),1
1.6 GDI ELITE DCT (BENZƒ∞NLƒ∞),1
1.6 GDI STYLE (BENZƒ∞NLƒ∞),1
1.6 GDI STYLE DCT (BENZƒ∞NLƒ∞),1
1.6 GDI STYLE DESIGN PACK DCT (BENZƒ∞NLƒ∞),1
1.6 TURBO GDI SPORT (BENZƒ∞NLƒ∞),1
1.6 CRDi ELITE DCT (Dƒ∞ZEL),1
1.6 CRDi STYLE (Dƒ∞ZEL),1
1.6 CRDi STYLE DCT (Dƒ∞ZEL),1
2.0 CRDi (Dƒ∞ZEL) 6 ƒ∞LERƒ∞ OTOMATƒ∞K SHIFTRONIC,2
1.6 GDI ELITE OTM. (BENZƒ∞NLƒ∞),1
1.6 GDI STYLE (BENZƒ∞NLƒ∞),1
1.6 GDI STYLE OTM. (BENZƒ∞NLƒ∞),1
1.6 T-GDI ELITE (BENZƒ∞NLƒ∞),1
1.6 T-GDI ELITE 4X2 DCT (BENZƒ∞NLƒ∞),1
1.6 T-GDI ELITE 4X4 DCT (BENZƒ∞NLƒ∞),1
1.6 T-GDI ELITE PLUS 4X2 DCT (BENZƒ∞NLƒ∞),1
1.6 T-GDI ELITE PLUS 4X4 DCT (BENZƒ∞NLƒ∞),1
1.6 T-GDI ELITE PLUS 4X4 DCT RED PACK (BENZƒ∞NLƒ∞),1
1.6 T-GDI STYLE (BENZƒ∞NLƒ∞),1
1.6 T-GDI STYLE 4X2 DCT (BENZƒ∞NLƒ∞),1
1.6 T-GDI STYLE 4X4 DCT (BENZƒ∞NLƒ∞),1
2.0 CRDi EXECUTIVE 4X4 OTM. (Dƒ∞ZEL),2
1.5 D 109 BG Premium ,1
1.5 D 109 BG Premium City Black,1
1.5 D 109 BG Premium City Black - Sport,1
1.6 P 156 BG Premium ,1
1.6 P 156 BG Premium Tech,1
1.6 P 156 BG Premium Tech - Theme ,1
1.6 P 156 BG Sport ,1
2.0 T 211 BG Premium ,2
2.0 T 211 BG Sport Tech,2
2.5L 163 PS 4x2 LIMITED 6M/T √áift Kabin,2
2.5L 163 PS 4x2 TR 6M/T √áift Kabin,2
2.5L 163 PS 4x4 LIMITED 6M/T √áift Kabin,2
2.5L 163 PS 4x4 TR 6M/T √áift Kabin,2
2.5L 163 PS 4x4 V-CROSS 5A/T √áift Kabin,2
3.0 250hp 8ATX 4x4 Dizel Euro 6,3
3.0 250hp 8ATX 4x4 Dizel Euro 6,3
3.0 250hp 8ATX 4x4 Dizel Euro 6,3
1.4 MultiAir2 Turbo Benzinli 9ATX AWD Limited,1
1.4 MultiAir2 Turbo Benzinli DDCT 4x2 Limited,1
1.4 MultiAir2 Turbo Benzinli DDCT 4x2 Longitude,1
1.4 MultiAir2 Turbo Benzinli MT 4x2 Limited,1
1.4 MultiAir2 Turbo Benzinli MT 4x2 Longitude,1
1.6 120hp DDCT Longitude Dizel Std,1
1.6 120hp DDCT Longitude Dizel Std+Sunroof,1
1.6 Multijet Dizel MT 4x2 Limited,1
1.6 Multijet Dizel MT 4x2 Longitude,1
2.0 Multijet Dizel 9AT 4x4 Trailhawk,2
2.8 200hp 4x4 Dizel,2
1.6L 136 PS COMFORT,1
1.6L 136 PS COMFORT,1
1.6L 136 PS CONCEPT PLUS,1
1.6L 136 PS CONCEPT PLUS,1
1.6L 136 PS PREMIUM,1
1.6L 136 PS COMFORT,1
1.6L 136 PS COMFORT,1
1.6L 136 PS CONCEPT PLUS,1
1.6L 136 PS CONCEPT PLUS,1
1.6L 136 PS PREMIUM,1
1.6L 130 PS COMFORT,1
1.6L 130 PS CONCEPT,1
1.6L 130 PS CONCEPT TECHNO PAKET,1
1.6L 136 PS CONCEPT,1
1.6L 136 PS CONCEPT PLUS,1
1.6L 136 PS CONCEPT TECHNO PAKET,1
1.25 84 PS COMFORT,1
1.25 85 PS COMFORT,1
1.25 85 PS CONCEPT,1
1.4 100 PS COMFORT,1
1.4 100 PS CONCEPT,1
1.4 90 PS COMFORT,1
1.4 90 PS CONCEPT,1
1.4 90 PS CONCEPT PLUS,1
1.4 109 PS COMFORT,1
2.0L 185 PS PRESTIGE,2
1.6L 136 PS PREMIUM,1
1.6L 132 PS COMFORT,1
1.6L 132 PS COMFORT,1
1.6L 132 PS CONCEPT PLUS,1
1.6L 132 PS PREMIUM,1
1.6L 177 PS EXCLUSIVE GT-Line,1
1.6L 177 PS PREMIUM TURBO,1
1.6L 177 PS PRESTIGE GT-Line,1
2.0L 185 PS PRESTIGE GT-Line,2
2.0 SD4 240 BG HSE,2
2.0 SD4 240 BG HSE LUXURY,2
2.0 TD4 180 BG HSE,2
2.0 TD4 180 BG SE,2
2.0 TD4 180 BG SE PLUS,2
2.0 Si4 240 BG HSE,2
2.0 Si4 240 BG HSE LUXURY,2
2.0 Td4 150 BG HSE,2
2.0 Td4 150 BG SE,2
2.0 Td4 180 BG HSE,2
2.0 Td4 180 BG HSE LUXURY,2
3.0 SDV6 354 BG AUTOBIOGRAPHY,3
3.0 SDV6 354 BG LWB AUTOBIOGRAPHY,3
3.0 SDV6 354 BG VOGUE SE,3
3.0 TDV6 258 BG AUTOBIOGRAPHY,3
3.0 TDV6 258 BG HSE,3
3.0 TDV6 258 BG LWB AUTOBIOGRAPHY,3
3.0 TDV6 258 BG LWB VOGUE,3
3.0 TDV6 258 BG VOGUE,3
5.0 S/C V8 510 BG AUTOBIOGRAPHY,5
5.0 S/C V8 510 BG LOWER LWB S/C AUTOBIOGRAPHY,5
5.0 S/C V8 550 BG LOWER LWB S/C SVAUTOBIOGRAPHY,5
2.0 Si4 240 BG HSE,2
2.0 Si4 240 BG HSE DYNAMIC,2
2.0 Td4 150 BG SE DYNAMIC,2
2.0 Td4 180 BG HSE,2
2.0 Td4 180 BG HSE DYNAMIC,2
2.0 Td4 180 BG SE DYNAMIC,2
2.0 Td4 180 BG HSE DYNAMIC,2
2.0 Sd4 240 BG HSE,2
2.0 Sd4 240 BG HSE PLUS,2
2.0 Sd4 240 BG SE,2
3.0 SDV6 306BG AUTOBIOGRAPHY DYN,3
3.0 SDV6 306BG HSE DYNAMIC,3
3.0 SDV6 354BG AUTOBIOGRAPHY DYN,3
3.0 SDV6 354BG AUTOBIOGRAPHY DYN,3
5.0 S/C V8 550 BG SVR,5
2.0 Comfort,2
2.0 Comfort Plus,2
2.0 Exclusive,2
2.0 F Sport,2
5.0 GSF,5
2.0 Comfort,2
2.0 Exclusive,2
2.0 Executive,2
2.0 Executive Plus,2
2.0 F Sport,2
5.0 LS600hL,5
5.0 LS600hL Shimamoku,5
2.0 Business 4x2,2
2.0 Business 4x4,2
2.0 Comfort 4x2,2
2.0 Comfort Plus 4x2,2
2.0 Exclusive 4x4,2
2.0 Executive 4x4,2
2.0 F Sport 4x4 Panaroof,2
2.0 F Sport 4x4 Sunroof,2
2.0 Comfort,2
2.0 Exclusive,2
2.0 F Sport,2
5.0 RCF Carbon,5
2.0 Comfort 4x2,2
2.0 Comfort 4x4,2
2.0 Comfort Plus 4x2,2
2.0 Exclusive 4x4,2
2.0 Executive 4x4,2
2.0 Executive 4x4 Panaroof,2
2.0 Executive 4x4 Sunroof,2
2.0 F SPORT 4x4,2
3.5 Exclusive 4x4,3
3.5 Executive 4x4,3
3.5 F Sport 4x4,3
1.5 SKY-D 4x4 AT Motion,1
1.5 SKY-D 4x4 AT Power,1
1.5 SKY-D 4x4 AT Power Beyaz Deri,1
1.5 SKY-D 4x4 AT Power Sense,1
1.5 SKY-D 4x4 AT Power Sense Beyaz Deri,1
1.5 SKY-D 4x4 AT Power Sense Plus,1
1.5 SKY-D 4x4 AT Reflex,1
1.5 SKY-D Motion,1
1.5 SKY-D Reflex,1
2.0 SKY-G 4x4 AT Power,2
2.0 SKY-G 4x4 AT Power Beyaz Deri,2
1.5 SKY-D AT Motion,1
1.5 SKY-D AT Power,1
1.5 SKY-D AT Power Beyaz Deri,1
1.5 SKY-D AT Power Sense,1
1.5 SKY-D AT Power Sense Beyaz Deri,1
1.5 SKY-D AT Power Sense Siyah Deri,1
1.5 SKY-D AT Power Siyah Deri,1
1.5 SKY-D AT Reflex,1
1.5 SKY-D Motion,1
1.5 SKY-D Reflex,1
1.5 SKY-G AT Motion,1
1.5 SKY-G AT Power,1
1.5 SKY-G AT Power Beyaz Deri,1
1.5 SKY-G AT Power Sense,1
1.5 SKY-G AT Power Sense Beyaz Deri,1
1.5 SKY-G AT Power Sense Siyah Deri,1
1.5 SKY-G AT Power Siyah Deri,1
1.5 SKY-G AT Reflex,1
1.5 SKY-G Motion,1
1.5 SKY-G Reflex,1
1.5 SKY-D AT Motion,1
1.5 SKY-D AT Power,1
1.5 SKY-D AT Power Beyaz Deri,1
1.5 SKY-D AT Power Sense,1
1.5 SKY-D AT Power Sense Beyaz Deri,1
1.5 SKY-D AT Power Sense Siyah Deri,1
1.5 SKY-D AT Power Siyah Deri,1
1.5 SKY-D AT Reflex,1
1.5 SKY-D Motion,1
1.5 SKY-D Reflex,1
1.5 SKY-G AT Motion,1
1.5 SKY-G AT Power,1
1.5 SKY-G AT Power Beyaz Deri,1
1.5 SKY-G AT Power Sense,1
1.5 SKY-G AT Power Sense Beyaz Deri,1
1.5 SKY-G AT Power Sense Siyah Deri,1
1.5 SKY-G AT Power Siyah Deri,1
1.5 SKY-G AT Reflex,1
1.5 SKY-G Motion,1
1.5 SKY-G Reflex,1
1.5 SKY-G Soul,1
2.0 SKY-G AT Power,2
2.0 SKY-G AT Power Beyaz Deri,2
1.5 SKY-G Motion,1
1.5 SKY-G Power Sense,1
1.5 SKY-G Power Sport,1
2.0 SKY-G Power Sport,2
1.5 109BG AMG,1
1.5 109BG Style,1
1.5 109BG Urban,1
1.6 122BG Style,1
1.6 122BG Urban,1
1.6 156BG AMG,1
1.6 156BG Urban,1
2.0 381BG Performance 4MATIC,2
1.5 109BG AMG,1
1.5 109BG Style,1
1.5 109BG Urban,1
1.6 122BG AMG,1
1.6 122BG Style,1
1.6 122BG Urban,1
1.6 156BG AMG,1
1.6 156BG AMG,1
1.6 156BG Avantgarde,1
1.6 156BG Comfort,1
1.6 156BG Exclusive,1
1.6 156BG Fascination,1
1.6 156BG Style,1
1.6 156BG AMG,1
1.6 156BG AMG,1
1.6 156BG Sport,1
1.6 156BG AMG,1
1.6 156BG Avantgarde,1
1.6 156BG Exclusive,1
1.6 156BG Fascination,1
1.6 156BG Style,1
1.6 136BG AMG,1
1.6 136BG Avantgarde,1
1.6 136BG Comfort,1
1.6 136BG Exclusive,1
1.6 136BG Fascination,1
1.6 136BG Style,1
2.0 184BG Fascination,2
1.6 136BG AMG,1
1.6 136BG Avantgarde,1
1.6 136BG Exclusive,1
1.6 136BG Fascination,1
1.6 136BG Style,1
2.2 170BG Fascination,2
2.0 211BG Fascination,2
2.2 204BG Fascination,2
2.0 245BG AMG,2
2.0 245BG AMG,2
4.0 476BG Performance,4
4.0 510BG Performance,4
4.0 510BG Performance,4
1.5 109BG AMG,1
1.5 109BG Comfort,1
1.5 109BG Urban,1
1.6 156BG AMG,1
1.6 156BG Comfort,1
1.6 156BG Urban,1
2.0 381BG Performance 4MATIC,2
2.2 204BG Sport 4MATIC,2
3.0 258BG AMG 4MATIC,3
5.5 585BG Performance 4MATIC,5
1.6 156BG AMG,1
1.6 156BG Avantgarde,1
1.6 156BG Exclusive,1
2.0 194BG AMG 4MATIC,2
2.0 194BG Avantgarde 4MATIC,2
2.0 194BG Exclusive 4MATIC,2
2.0 194BG AMG,2
2.0 245BG AMG,2
2.0 245BG Avantgarde,2
2.0 245BG Exclusive,2
2.0 245BG AMG,2
3.0 258BG AMG,3
3.0 258BG Avantgarde,3
3.0 258BG Exclusive,3
4.0 571BG Performance 4MATIC,4
4.0 612BG Performance 4MATIC,4
1.5 109BG AMG,1
1.5 109BG Urban,1
1.6 156BG AMG,1
1.6 156BG Urban,1
2.0 381BG Performance 4MATIC,2
2.2 170BG Style 4MATIC,2
2.0 211BG AMG 4MATIC,2
2.0 211BG Exclusive 4MATIC,2
2.0 211BG Style 4MATIC,2
2.2 204BG AMG 4MATIC,2
2.2 204BG Exclusive 4MATIC,2
2.0 211BG AMG 4MATIC,2
2.2 204BG AMG 4MATIC,2
2.2 204BG Style 4MATIC,2
3.0 258BG AMG 4MATIC,3
3.0 258BG Style 4MATIC,3
3.0 258BG AMG 4MATIC,3
3.0 258BG Style 4MATIC,3
5.5 557BG Performance,5
5.5 585BG Performance,5
3.0 258BG Power 4MATIC,3
4.7 455BG Power 4MATIC,4
5.5 585BG Performance,5
4.0 462BG Performance,4
4.0 462BG Performance,4
4.0 462BG Performance,4
4.7 455BG Maybach,4
4.7 455BG Maybach 4MATIC,4
6.0 530BG Maybach,6
2.2 231BG Vizyon,2
3.0 258BG Short 4MATIC,3
3.0 258BG Vizyon,3
3.0 258BG Vizyon 4MATIC,3
3.5 306BG Short,3
3.0 367BG Sport 4MATIC,3
3.0 333BG Vizyon 4MATIC,3
3.5 306BG Vizyon,3
4.7 455BG AMG,4
4.7 455BG AMG 4MATIC,4
4.7 455BG Vizyon,4
4.7 455BG Vizyon 4MATIC,4
6.0 530BG Vizyon,6
5.5 585BG Performance 4MATIC,5
5.5 585BG Performance,5
5.5 585BG Vizyon 4MATIC,5
6.0 630BG Performance 4MATIC,6
3.0 367BG Roadster,3
5.5 585BG Performance,5
1.6 156BG AMG,1
2.0 245BG AMG,2
3.0 367BG Performance,3
1.5 136 BG Chili,1
1.5 136 BG Pepper,1
1.5 136 BG T√ºrkiye Paketi,1
1.5 116 BG Chili,1
1.5 116 BG Pepper,1
1.5 116 BG T√ºrkiye Paketi,1
1.5 136 BG Chili,1
1.5 136 BG Pepper,1
1.5 136 BG T√ºrkiye Paketi,1
1.5 116 BG Chili,1
1.5 116 BG Pepper,1
1.5 116 BG T√ºrkiye Paketi,1
1.5 136 BG Premium,1
1.5 136 BG T√ºrkiye Paketi,1
1.5 136 BG Chili,1
1.5 136 BG Pepper,1
1.5 136 BG T√ºrkiye Paketi,1
1.5 136 BG Chili,1
1.5 136 BG Pepper,1
1.5 136 BG T√ºrkiye Paketi,1
2.0 231 BG T√ºrkiye Paketi,2
1.6 MT INSTYLE(Dizel),1
1.6 MT INTENSE,1
1.6 MT INTENSE(Dizel),1
1.6 MT INVITE,1
1.2 CVT INTENSE(NAVƒ∞GASYONLU),1
1.2 MT INTENSE(NAVƒ∞GASYONLU),1
2.4L 4X2 AT STORM,2
2.4L 4x2 MT STORM,2
2.4L 4X4 AT BLIZZARD,2
2.4L 4X4 AT TORNADO,2
2.4L 4X4 MT STORM,2
2.4L 4X4 MT TORNADO,2
1.6 MT INVITE,1
2.0 CVT INSTYLE4X4,2
3.2 DID INSTYLE AT,3
1.2 CVT INTENSE,1
1.2 DIG-T BLACK EDITION,1
1.2 DIG-T PLATINUM,1
1.2 DIG-T PLATINUM PREMIUM PACK,1
1.2 DIG-T SKY PACK,1
1.2 DIG-T SPECIAL EDITION,1
1.2 DIG-T TEKNA,1
1.2 DIG-T VISIA,1
1.5 dCi BLACK EDITION,1
1.5 dCi PLATINUM,1
1.5 dCi PLATINUM PREMIUM PACK,1
1.5 dCi SKY PACK,1
1.5 dCi SPECIAL EDITION,1
1.5 dCi TEKNA,1
1.5 dCi VISIA,1
1.6 BLACK EDITION,1
1.6 PLATINUM,1
1.6 PLATINUM PREMIUM PACK,1
1.6 SKY PACK,1
1.6 SPECIAL EDITION,1
1.6 TEKNA,1
1.6 VISIA,1
1.2 MATCH,1
1.2 MATCH,1
1.2 STREET,1
1.2 STREET,1
2.3 dCi 4X2 TEKNA,2
2.3 dCi 4X2 VISIA,2
2.3 dCi 4X4 PLATINUM,2
2.3 dCi 4X4 TEKNA,2
2.3 dCi 4X4 VISIA,2
1.2 DIG-T N-TEC,1
1.2 DIG-T TEKNA,1
1.2 DIG-T VISIA,1
1.2 DIG-T VISIA,1
1.5 dCi N-TEC,1
1.5 dCi TEKNA,1
1.5 dCi VISIA,1
1.2 DIG-T BLACK EDITION,1
1.2 DIG-T BLACK EDITION,1
1.2 DIG-T PLATINUM PREMIUM PACK,1
1.2 DIG-T SKY PACK,1
1.2 DIG-T SKY PACK,1
1.2 DIG-T TEKNA,1
1.2 DIG-T TEKNA,1
1.2 DIG-T VISIA,1
1.2 DIG-T VISIA,1
1.5 dCi BLACK EDITION,1
1.5 dCi PLATINUM PREMIUM PACK,1
1.5 dCi SKY PACK,1
1.5 dCi TEKNA,1
1.5 dCi VISIA,1
1.6 dCi BLACK EDITION,1
1.6 dCi PLATINUM PREMIUM PACK,1
1.6 dCi SKY PACK,1
1.6 dCi TEKNA,1
1.6 dCi VISIA,1
1.6 dCi BLACK EDITION,1
1.6 dCi BLACK EDITION,1
1.6 dCi DESIGN PACK,1
1.6 dCi DESIGN PACK,1
1.6 dCi DESIGN PACK ALL MODE 4X4-i,1
1.6 dCi PLATINUM PREMIUM PACK,1
1.6 dCi PLATINUM PREMIUM PACK,1
1.6 dCi SKY PACK,1
1.6 dCi SKY PACK,1
1.6 dCi VISIA,1
1.2 lt  XEL 70 HP MT5 JAM,1
1.4 lt.  XEL 87 HP MTA GLAM,1
1.4 lt.  XEL 87 HP MTA JAM,1
1.4 lt.  XEL 87 HP MTA ROCKS,1
1.4 lt.  XEL 87 HP MTA SLAM,1
1.4 lt. NEH TURBO 150 HP - MT6 Adam S,1
1.4 Benzinli 100 HP MT5 Enjoy,1
1.4 Benzinli 150 HP AT6 S&S Dynamic,1
1.4 Benzinli 150 HP AT6 S&S Enjoy,1
1.4 Benzinli 150 HP AT6 S&S Excellence,1
1.4 Benzinli 150 HP AT6 S&S OPC Line Sport,1
1.4 Benzinli 150 HP MT6 Dynamic,1
1.4 Benzinli 150 HP MT6 Excellence,1
1.6 Benzinli 200 HP AT6 S&S OPC Line Sport,1
1.6 Dizel 110 HP MT6 Design,1
1.6 Dizel 110 HP MT6 Enjoy,1
1.6 Dizel 136 HP AT6 Design,1
1.6 Dizel 136 HP AT6 Dynamic,1
1.6 Dizel 136 HP AT6 Enjoy,1
1.6 Dizel 136 HP AT6 Excellence,1
1.6 Dizel 136 HP AT6 OPC Line Sport,1
1.6 Dizel 136 HP MT6 S&S Dynamic,1
1.6 Dizel 136 HP MT6 S&S Excellence,1
1.4 Benzinli 140 HP AT Design,1
1.4 Benzinli 140 HP AT Edition Plus,1
1.4 Benzinli 140 HP AT Sport,1
1.4 Benzinli 140 HP MT Sport,1
1.6 Benzinli 115 HP MT Edition,1
1.6 Benzinli 115 HP MT Edition Plus,1
1.6 Dizel 110 HP MT S&S Design,1
1.6 Dizel 136 HP AT Design,1
1.6 Dizel 136 HP AT Elite,1
1.6 Dizel 136 HP AT Sport,1
1.6 Dizel 136 HP MT S&S Elite,1
1.6 Dizel 136 HP MT S&S Sport,1
1.4 Benzinli 150 HP AT6 S&S Dynamic,1
1.4 Benzinli 150 HP AT6 S&S Excellence,1
1.6 Dizel 136 HP AT6 Dynamic,1
1.6 Dizel 136 HP AT6 Excellence,1
1.6 XHT 170 HP AT6 Cosmo,1
1.2 70 HP MT-5 Design,1
1.2 70 HP MT-5 Enjoy,1
1.2 70 HP MT-5 Essentia,1
1.3 CDTI 75HP Design,1
1.3 CDTI 75HP Enjoy ,1
1.3 CDTI 75HP Essentia ,1
1.3 CDTI 95HP MT-A Easytronic ≈ûanzƒ±man Start & Stop Design,1
1.3 CDTI 95HP MT-A Easytronic ≈ûanzƒ±man Start & Stop Enjoy ,1
1.3 CDTI 95HP MT-A Easytronic ≈ûanzƒ±man Start & Stop Essentia ,1
1.4 90 HP Otomatik ≈ûanzƒ±man AT-6 Color Edition,1
1.4 90 HP Otomatik ≈ûanzƒ±man AT-6 Design,1
1.4 90 HP Otomatik ≈ûanzƒ±man AT-6 Enjoy,1
1.4 90 HP Otomatik ≈ûanzƒ±man AT-6 Essentia,1
1.6 Dizel 136HP AT6 Cosmo,1
2.0 Dizel 170HP AT6 4x4 Cosmo,2
1.6 Benzinli 170HP AT6  Edition  Elegance,1
1.6 Dizel 136HP AT6 Cosmo,1
1.6 Dizel 136HP AT6 Design,1
1.6 Dizel 136HP AT6 Edition  Elegance,1
1.6 Dizel 136HP AT6 Elite,1
1.6 Dizel 136HP AT6 Sport,1
1.6 Dizel 136HP MT6 S&S Cosmo,1
1.6 Dizel 136HP MT6 S&S Edition  Elegance,1
1.6 Dizel 136HP MT6 S&S Sport,1
2.0 Dizel 170HP AT6 4x2 Cosmo,2
2.0 Dizel 170HP AT6 4x4 Cosmo,2
1.6 Dizel 136HP AT6 Cosmo,1
1.4 140 AT FWD - Benzinli Enjoy,1
1.4 140 AT FWD Color Edition - Benzinli ,1
1.4 140 AT FWD Design - Benzinli Design,1
1.4 140 AT FWD Excellence - Benzinli ,1
1.4 140 HP MT AWD Color Edition - Benzinli ,1
1.4 140 HP MT AWD Excellence - Benzinli ,1
1.4 140 MT FWD  Start&Stop - Benzinli Enjoy,1
1.4 140 MT FWD Color Edition Start&Stop - Benzinli ,1
1.4 140 MT FWD Excellence Start&Stop - Benzinli ,1
1.4 152 HP AT AWD Color Edition - Benzinli ,1
1.4 152 HP AT AWD Excellence-Benzinli ,1
1.6 115 FWD  Start&Stop - Benzinli Enjoy,1
1.6 136 HP AT FWD - Dizel Enjoy,1
1.6 136 HP AT FWD Color Edition - Dizel ,1
1.6 136 HP AT FWD Design - Dizel Design,1
1.6 136 HP AT FWD Excellence - Dizel ,1
1.6 136 HP MT AWD Color Edition - Dizel ,1
1.6 136 HP MT AWD Excellence - Dizel ,1
1.6 136 HP MT FWD - Dizel Enjoy,1
1.6 136 HP MT FWD Color Edition - Dizel ,1
1.6 136 HP MT FWD Design - Dizel Design,1
1.6 136 HP MT FWD Excellence - Dizel ,1
1.2 PureTech 110 hp EAT6 Tam Otomatik S&S GT LINE,1
1.2 PureTech 110hp EAT6 Tam Otomatik S&S ACTIVE,1
1.2 PureTech 110hp EAT6 Tam Otomatik S&S ALLURE,1
1.2 PureTech 82 hp ACCESS,1
1.2 PureTech 82 hp ACTIVE,1
1.2 PureTech 82hp ETG5 Otomatik S&S (1) ACCESS,1
1.2 PureTech 82hp ETG5 Otomatik S&S (1) ACTIVE,1
1.6 BlueHdi 100hp ETG6 Otomatik S&S (1) ACTIVE,1
1.6 HDi 92 hp (1) ACCESS,1
1.6 HDi 92 hp (1) ACTIVE,1
1.2 PureTech 82hp Euro6 ACCESS,1
1.2 PureTech 82hp Euro6 ACTIVE,1
1.6 HDi 92hp ACCESS,1
1.6 HDi 92hp ACTIVE,1
1.6 HDi 92hp ALLURE,1
1.2 PureTech 130hp ACTIVE,1
1.2 PureTech 130hp ALLURE,1
1.2 PureTech 130hp EAT6 Tam Otomatik S&S ACTIVE,1
1.2 PureTech 130hp EAT6 Tam Otomatik S&S ALLURE,1
1.2 PureTech 82hp ACCESS,1
1.2 PureTech 82hp ACTIVE,1
1.6 BlueHDi 120 hp EAT6 Tam Otomatik S&S ACTIVE,1
1.6 BlueHDi 120 hp EAT6 Tam Otomatik S&S ALLURE,1
1.6 BlueHDi 120 hp EAT6 Tam Otomatik S&S STYLE,1
1.6 e-HDi 115hp S&S ACTIVE,1
1.6 e-HDi 115hp S&S ALLURE,1
1.6 HDi 92hp ACCESS,1
1.6 HDi 92hp ACTIVE,1
1.6 BlueHDI 120 HP EAT6 Tam Otomatik S&S ACTIVE,1
1.6 BlueHDI 120 HP EAT6 Tam Otomatik S&S ALLURE,1
1.6 BlueHDI 120 HP EAT6 Tam Otomatik S&S BUSINESS,1
1.6 BlueHDI 120 HP S&S ACTIVE,1
1.6 BlueHDI 120 HP S&S BUSINESS,1
1.6 THP 165hp EAT6 Tam Otomatik S&S ACTIVE,1
1.6 THP 165hp EAT6 Tam Otomatik S&S ALLURE,1
2.0 BlueHDi 180hp EAT6 Tam Otomatik S&S GT,2
1.2 PureTech 110hp EAT6 Tam Otomatik S&S ACTIVE,1
1.2 PureTech 110hp EAT6 Tam Otomatik S&S ALLURE,1
1.2 PureTech 110hp EAT6 Tam Otomatik S&S GT-LINE,1
1.6 BlueHDi 100hp ETG6 Otomatik S&S (1) ACTIVE,1
1.6 BlueHdi 100hp ETG6 Otomatik S&S (1) ALLURE,1
1.6 e-HDi 92hp (1) ACTIVE,1
1.6 e-HDi 92hp (1) ALLURE,1
1.6 e-HDi 92hp ETG6 Otomatik S&S (1) ACTIVE,1
1.6 e-HDi 92hp ETG6 Otomatik S&S (1) ALLURE,1
1.2 PureTech 130hp ACCESS,1
1.2 PureTech 130hp ACTIVE,1
1.2 PureTech 130hp EAT6 ACCESS,1
1.2 PureTech 130hp EAT6 ACTIVE,1
1.2 PureTech 130hp EAT6 ALLURE,1
1.2 PureTech 130hp EAT6 Elegance Pack ALLURE,1
1.6 BlueHDi 120hp ACTIVE,1
1.6 BlueHDi 120hp EAT6 ACTIVE,1
1.6 BlueHDi 120hp EAT6 ALLURE,1
1.6 BlueHDi 120hp EAT6 Elegance Pack ALLURE,1
1.6 BlueHdi 120hp EAT6 GT-Line,1
1.6 THP 165hp EAT6 GT-Line,1
1.6 BlueHDi 120hp EAT6 Tam Otomatik S&S ALLURE,1
1.6 THP 208hp by Peugeot Sport (1) ,1
1.6 THP 270hp S&S by Peugeot Sport ,1
1.6 BlueHDi 120hp S&S ACTIVE,1
1.0 90 bg Stop & Start Icon Turbo,1
1.0 90 bg Stop & Start Touch Turbo,1
1.2 Turbo EDC 120 bg Icon,1
1.2 Turbo EDC 120 bg Outdoor,1
1.2 Turbo EDC 120 bg Touch,1
1.5 dCi 90 bg Stop & Start Icon,1
1.5 dCi 90 bg Stop & Start Outdoor,1
1.5 dCi 90 bg Stop & Start Touch,1
1.5 dCi EDC 90 bg Icon,1
1.5 dCi EDC 90 bg Outdoor,1
1.5 dCi EDC 90 bg Touch,1
1.2 120 bg GT Line,1
1.2 120 bg Icon,1
1.2 75 bg Icon,1
1.2 75 bg Joy,1
1.2 EDC 120 bg GT Line,1
1.2 EDC 120 bg Icon,1
1.2 EDC 120 bg Joy,1
1.5 dCi 75 bg Joy,1
1.5 dCi 90 bg GT Line,1
1.5 dCi 90 bg Icon,1
1.5 dCi EDC 90 bg GT Line,1
1.5 dCi EDC 90 bg Icon,1
1.2 75bg Joy,1
1.2 Turbo EDC 120 bg Icon,1
1.5 dCi 75 bg Joy,1
1.5 dCi 90 bg Icon,1
1.5 dCi EDC 90 bg Icon,1
1.2 TCe EDC 130 bg Icon,1
1.2 TCe EDC 130 bg Touch,1
1.2 Turbo 130 bg Touch,1
1.5 dCi 110 bg Icon,1
1.5 dCi 110 bg Touch,1
1.5 dCi EDC 110 bg Icon,1
1.5 dCi EDC 110 bg Touch,1
1.6 dCi 130 bg 4x4 Icon,1
1.2 Tce 130 bg Icon,1
1.2 Tce 130 bg Touch,1
1.2 Tce EDC 130 bg Icon,1
1.2 Tce EDC 130 bg Touch,1
1.5 dCi 110 bg Icon,1
1.5 dCi 110 bg Touch,1
1.5 dCi 90 bg Joy,1
1.5 dCi EDC 110 bg GT Line,1
1.5 dCi EDC 110 bg Icon,1
1.5 dCi EDC 110 bg Joy,1
1.5 dCi EDC 110 bg Touch,1
1.6 16V 115 bg Joy,1
1.6 dCi 130 bg GT Line,1
1.2 Tce EDC 130 bg Icon,1
1.2 Tce EDC 130 bg Touch,1
1.5 dCi 110 bg Icon,1
1.5 dCi 110 bg Touch,1
1.5 dCi 90 bg Joy,1
1.5 dCi EDC 110 bg Icon,1
1.5 dCi EDC 110 bg Joy,1
1.5 dCi EDC 110 bg Touch,1
1.6 16V 115 bg Joy,1
1.6 dCi 130 bg Icon,1
1.5 dCi 75 bg Joy,1
1.5 dCi 90bg Easy-R Touch,1
1.5 dCi 90bg Joy,1
1.5 dCi 90bg Touch,1
1.5 dCi 110 bg Touch,1
1.5 dCi EDC 110 bg Icon,1
1.5 dCi EDC 110 bg Touch,1
1.6 dCi 130 bg Touch,1
1.6 dCi EDC 130 bg Icon,1
1.6 dCi EDC 130 bg Touch,1
1.6 dCi EDC 160 bg Icon,1
1.4 TSI 150 HP DSG S&S Style,1
1.4 EcoTSI ACT 150 hp 4Drive DSG S&S Xcellence,1
1.4 EcoTSI ACT 150 hp DSG S&S Style,1
1.4 EcoTSI ACT 150 hp DSG S&S Xcellence,1
1.4 EcoTSI ACT 150 hp S&S Style,1
1.4 EcoTSI ACT 150 hp S&S Xcellence,1
1.6 TDI 115 hp S&S Ecomotive Style,1
2.0 TDI 190 hp 4Drive DSG S&S Xcellence,2
1.0 75 HP Reference,1
1.0 EcoTSI 110 HP DSG S&S Style,1
1.2 TSI 90 HP Reference,1
1.2 TSI 90 HP Style,1
1.0 EcoTSI 115 HP DSG S&S Ecomotive Style,1
1.2 TSI 110 HP S&S Style,1
1.4 EcoTSI ACT 150 HP DSG S&S FR,1
1.4 EcoTSI ACT 150 HP DSG S&S XCELLENCE,1
1.4 TSI 125 HP S&S FR,1
1.4 TSI 150 HP DSG FR,1
1.4 TSI 150 HP DSG XCELLENCE,1
1.6 ST TDI 115 HP DSG S&S Style,1
1.6 TDI 115 HP DSG S&S Style,1
1.6 TDI 115 HP S&S Style,1
2.0 TSI 300 HP DSG S&S CUPRA,2
1.2 TSI 110 HP S&S Style,1
1.4 TDI 90 HP DSG S&S Style,1
1.4 TDI 90 HP S&S Style,1
1.4 TSI 125 HP DSG S&S Style,1
1.0 75 PS Green Tec Ambition,1
1.2 TSI 110 PS DSG Green Tec Ambition,1
1.2 TSI 110 PS DSG Green Tec Style,1
1.2 TSI 90 PS Green Tec Ambition,1
1.2 TSI 90 PS Green Tec Style,1
1.4 TDI CR 90 PS DSG Green Tec Style,1
1.0 TSI 115 PS Green Tec Ambition,1
1.0 TSI 115 PS Green Tec Ambition,1
1.0 TSI 115 PS Green Tec DSG Optimal,1
1.0 TSI 115 PS Green Tec DSG Optimal,1
1.0 TSI 115 PS Green Tec DSG Style,1
1.0 TSI 115 PS Green Tec DSG Style,1
1.0 TSI 115 PS Green Tec Optimal,1
1.0 TSI 115 PS Green Tec Optimal,1
1.4 TSI 150 PS DSG Green Tec Style,1
1.4 TSI 150 PS DSG Green Tec Style,1
1.6 TDI CR 110 PS DSG Green Tec Ambition,1
1.6 TDI CR 110 PS DSG Green Tec Optimal,1
1.6 TDI CR 110 PS DSG Green Tec Style,1
1.6 TDI CR 110 PS Green Tec Ambition,1
1.6 TDI CR 110 PS Green Tec Optimal,1
1.6 TDI CR 110 PS Green Tec Style,1
1.6 TDI CR 115 PS DSG Green Tec Ambition,1
1.6 TDI CR 115 PS DSG Green Tec Optimal,1
1.6 TDI CR 115 PS DSG Green Tec Style,1
1.6 TDI CR 115 PS Green Tec Ambition,1
1.6 TDI CR 115 PS Green Tec Optimal,1
1.6 TDI CR 115 PS Green Tec Style,1
1.6 TDI CR 110 PS DSG Green Tec Style,1
1.6 TDI CR 110 PS Green Tec Style,1
1.6 TDI CR 115 PS DSG Green Tec Style,1
1.6 TDI CR 115 PS Green Tec Style,1
1.2 TSI 110 PS Green Tec  Style,1
1.2 TSI 90 PS Green Tec  Ambition,1
1.2 TSI 90 PS Green Tec DSG Style,1
1.4 TDI CR 90 PS Green Tec Ambition,1
1.4 TDI CR 90 PS Green Tec DSG Ambition,1
1.4 TDI CR 90 PS Green Tec DSG Style,1
1.4 TSI 125 PS Green Tec DSG Style,1
1.6 TDI CR 115 PS Green Tec Style,1
1.2 TSI 110 PS Green Tec  Style,1
1.2 TSI 90 PS Green Tec  Ambition,1
1.2 TSI 90 PS Green Tec DSG Ambition,1
1.2 TSI 90 PS Green Tec DSG Monte Carlo,1
1.2 TSI 90 PS Green Tec DSG Style,1
1.4 TDI CR 90 PS Green Tec Ambition,1
1.4 TDI CR 90 PS Green Tec DSG Monte Carlo,1
1.4 TDI CR 90 PS Green Tec DSG Style,1
1.4 TSI 125 PS Green Tec DSG Style,1
1.6 TDI CR 115 PS Green Tec Style,1
1.4 TSI 125 PS Green Tec Active,1
1.4 TSI 150 PS ACT Green Tec Style,1
1.4 TSI 150 PS DSG ACT Green Tec Prestige,1
1.4 TSI 150 PS DSG ACT Green Tec Style,1
1.6 TDI CR 120 PS DSG Green Tec Active,1
1.6 TDI CR 120 PS DSG Green Tec Prestige,1
1.6 TDI CR 120 PS DSG Green Tec Style,1
1.6 TDI CR 120 PS Green Tec Active,1
1.6 TDI CR 120 PS Green Tec Style,1
2.0 TDI CR SCR 190 PS 4x4 DSG Green Tec L&K,2
2.0 TDI CR SCR 190 PS 4X4 DSG Green Tec Prestige,2
2.0 TDI CR SCR 190 PS DSG Green Tec Prestige,2
2.0 TSI 280 PS 4X4 DSG Green Tec Prestige,2
1.2 TSI 110 PS Green Tec Active,1
1.4 TSI 125 PS DSG Green Tec Ambition,1
1.0 71 BG,1
1.0 90 BG,1
1.0 90 BG,1
1.0 71 BG,1
2.0 4x2 AT Full,2
2.0 4x2 AT Full (Uzun Kasa),2
2.0 4x2 MT Full,2
2.0 4x2 MT Full (Uzun Kasa),2
2.0 4x4 AT Full (Uzun Kasa),2
2.0 4x4 MT Full (Uzun Kasa),2
2.0 4x2 AT Full,2
2.0 4x2 MT Full,2
2.0 4x4 AT Full¬†,2
2.0 4x2 AT Full,2
1.6 4x2 AT¬†Full¬†,1
1.6 4x2 AT¬†Full¬†,1
1.6 4x2 MT¬†Full¬†,1
1.6 4x2 MT¬†Full¬†,1
1.6 4x2 AT Full¬†,1
1.6 4x2 AT Full¬†,1
1.6 4x2 MT Full¬†,1
2.0R Premium 6 AT,2
2.0R Premium 6 MT,2
2.0D Elegance Dizel,2
2.0D Premium Dizel,2
2.0D Sport Dizel,2
2.0i Elegance Benzinli,2
2.0i Premium Benzinli,2
2.0XT Adventure Turbo Benzinli,2
1.6i GT-S Sport Plus Eyesight,1
2.0D Limited Dizel EyeSight,2
1.6i Elegance,1
1.6i Premium,1
1.2 GL AT 90 HP,1
1.2 GL MT 90 HP,1
1.3 JLX Benzinli 4x4 AT 85 HP,1
1.3 Style Benzinli 4x4 AT 85 HP,1
1.2 GL AT 94 HP,1
1.2 GL MT 94 HP,1
1.4 S Benzinli 4X2 AT (√áift Renk) 140 HP,1
1.4 S Benzinli 4X2 AT (Tek Renk) 140 HP,1
1.4 S Benzinli 4X4 AT (√áift Renk) 140 HP,1
1.4 S Benzinli 4X4 AT (Tek Renk) 140 HP,1
1.6 GL+ Benzinli 4x2 AT (√áift Renk) 120 HP,1
1.6 GL+ Benzinli 4x2 AT (Tek Renk) 120 HP,1
1.6 GL+ Benzinli 4X4 AT (√áift Renk) 120 HP,1
1.6 GL+ Benzinli 4X4 AT (Tek Renk) 120 HP,1
1.6 GLX Benzinli 4X2 AT (√áift Renk) 120 HP,1
1.6 GLX Benzinli 4X2 AT (Tek Renk) 120 HP,1
1.6 GLX Benzinli 4X4 AT (√áift Renk) 120 HP,1
1.6 GLX Benzinli 4X4 AT (Tek Renk) 120 HP,1
1.33 Life,1
1.4 D-4D Active,1
1.4 D-4D Active Skypack,1
1.4 D-4D Advance,1
1.4 D-4D Advance Skypack,1
1.4 D-4D Premium,1
1.4 D-4D Premium Navi,1
1.6 Active,1
1.6 Active Multidrive S,1
1.6 Active Skypack Multidrive S,1
1.6 Advance,1
1.6 Advance Multidrive S,1
1.6 Advance Skypack Multidrive S,1
1.6 Premium Multidrive S,1
1.6 Premium Multidrive S Navi,1
1.4 D-4D Advance,1
1.4 D-4D Advance Skypack,1
1.4 D-4D Premium,1
1.4 D-4D Premium Navi,1
1.6 Advance Multidrive S,1
1.6 Advance Skypack Multidrive S,1
1.6 Premium Multidrive S,1
1.6 Advance,1
1.6 D-4D Advance,1
1.6 D-4D Premium,1
1.6 D-4D Premium Plus,1
1.6 Premium,1
1.8 Premium Multidrive S,1
2.0 D-4D Premium Plus,2
2.0 Premium Multidrive S,2
2.0 Premium Multidrive S Touring Sports,2
2.0 Premium Plus Multidrive S,2
2.0 Premium Plus Multidrive S Touring Sports,2
1.2 Turbo Advance 4x2,1
1.2 Turbo Advance 4x2 Multidrive S,1
1.2 Turbo Diamond 4x2,1
1.2 Turbo Diamond 4x2 Multidrive S,1
1.2 Turbo Diamond 4x4 Multidrive S,1
1.2 Turbo Dynamic 4x2,1
1.2 Turbo Dynamic 4X4 Multidrive S,1
1.2 Turbo Dynamic Multidrive S 4x2,1
1.8 Hybrid Advance 4x2 e-CVT,1
1.8 Hybrid Diamond 4x2 e-CVT,1
1.8 Hybrid Dynamic 4x2 e-CVT,1
1.33 Life,1
1.4 D-4D Active,1
1.4 D-4D Active M/M,1
1.4 D-4D Advance,1
1.4 D-4D Advance M/M ,1
1.4 D-4D Life,1
1.4 D-4D Premium 50.Yƒ±l,1
1.4 D-4D Premium 50.Yƒ±l M/M,1
1.4 D-4D Premium 50.Yƒ±l M/M (17'' jant ile),1
1.4 D-4D Premium 50.Yƒ±l M/M Navi,1
1.4 D-4D Premium 50.Yƒ±l Navi,1
1.4 D-4D Premium 50.Yƒ±ll (17'' jant ile),1
1.4 D-4D Touch,1
1.4 D-4D Touch M/M,1
1.6 Active,1
1.6 Active Multidrive S,1
1.6 Advance,1
1.6 Advance Multidrive S,1
1.6 Premium 50.Yƒ±l,1
1.6 Premium 50.Yƒ±l (17'' jant ile),1
1.6 Premium 50.Yƒ±l Multidrive S,1
1.6 Premium 50.Yƒ±l Multidrive S (17'' jant ile),1
1.6 Premium 50.Yƒ±l Multidrive S Navi,1
1.6 Premium 50.Yƒ±l Navi,1
1.6 Premium Multidrive S,1
1.6 Touch,1
1.6 Touch Multidrive S,1
2.4L 4x2 Active,2
2.4L 4x2 Adventure,2
2.4L 4x2 Adventure A/T,2
2.4L 4x4 Active,2
2.4L 4x4 Adventure,2
2.8L 4x4 Hi-Cruiser A/T (yeni*),2
2.8 D-4D,2
1.8L Hybrid Advance,1
1.8L Hybrid Premium,1
2.5 Hybrid Advance 4x4,2
2.5 Hybrid Premium 4x4,2
2.5 Hybrid Premium Plus 4x4,2
2.5 Hybrid Premium Plus Navi 4x4,2
1.6 Active,1
1.6 Advance,1
1.6 D-4D Active,1
1.6 D-4D Advance,1
1.6 D-4D Premium,1
1.6 D-4D Premium,1
1.6 D-4D Premium Navi,1
1.6 Premium,1
1.6 Premium Navi,1
1.8 Multidive S Premium,1
1.8 Multidive S Premium Navi,1
1.8 Multidrive S Advance,1
1.0 Life,1
1.33 Fun,1
1.33 Fun Multidrive S,1
1.33 Fun Skypack Multidrive S,1
1.33 Fun Special,1
1.33 Fun Special Multidrive S,1
1.33 Fun Special Skypack Multidrive S,1
1.33 Style,1
1.33 Style Multidrive S,1
1.33 Style Red,1
1.33 Style Red Multidrive S,1
1.33 Style Red Skypack Multidrive S,1
1.33 Style Skypack Multidrive S,1
1.33 Style X-Trend,1
1.33 Style X-Trend Multidrive S,1
1.33 Style X-Trend Skypack Multidrive S,1
1.5 Hybrid Cool,1
1.5 Hybrid Spirit,1
1.5 Hybrid Spirit(yeni),1
1.5 Hybrid X-Trend,1
1.2 TSI BMT 105 PS DSG Design,1
1.2 TSI BMT 105 PS DSG Style,1
1.2 TSI BMT 105 PS Manuel Design,1
1.2 TSI BMT 105 PS Manuel Style,1
1.4 TSI BMT 150 PS DSG Design,1
1.4 TSI BMT 150 PS DSG Sportline,1
1.4 TSI BMT 150 PS DSG Exclusive,1
2.0 TDI BMT 150 PS DSG Sportline,2
2.0 TDI BMT 184 PS DSG Sportline,2
2.0 TDI BMT 184 PS DSG Exclusive,2
1.2 TSI BMT 110 PS DSG Comfortline,1
1.2 TSI BMT 110 PS DSG Midline Plus,1
1.2 TSI BMT 110 PS Manuel Comfortline,1
1.2 TSI BMT 110 PS Manuel Midline Plus,1
1.4 TSI ACT BMT 150 PS DSG Comfortline,1
1.4 TSI ACT BMT 150 PS DSG Highline,1
1.4 TSI BMT 125 PS DSG Comfortline,1
1.4 TSI BMT 125 PS DSG Highline,1
1.4 TSI BMT 125 PS Manuel Comfortline,1
1.4 TSI BMT 125 PS Manuel Highline,1
1.6 TDI BMT 110 PS DSG Comfortline,1
1.6 TDI BMT 110 PS DSG Highline,1
1.6 TDI BMT 110 PS Manuel Comfortline,1
1.6 TDI BMT 110 PS Manuel Highline,1
1.6 TDI BMT 90 PS Manuel Midline Plus,1
1.2 TSI BMT 105 PS DSG Comfortline,1
1.2 TSI BMT 105 PS DSG Trendline,1
1.2 TSI BMT 105 PS Manuel Comfortline,1
1.2 TSI BMT 105 PS Manuel Highline,1
1.2 TSI BMT 105 PS Manuel Trendline,1
1.4 TSI BMT 125 PS DSG Comfortline,1
1.4 TSI BMT 125 PS DSG Highline,1
1.4 TSI BMT 125 PS DSG Trendline,1
1.4 TSI BMT 125 PS Manuel Comfortline,1
1.4 TSI BMT 125 PS Manuel Highline,1
1.4 TSI BMT 125 PS Manuel Trendline,1
1.4 TSI BMT 150 PS DSG Comfortline,1
1.4 TSI BMT 150 PS DSG Highline,1
1.4 TSI ACT BMT 150 PS DSG Comfortline,1
1.4 TSI ACT BMT 150 PS DSG Highline,1
1.4 TSI ACT BMT 150 PS Manuel Comfortline,1
1.4 TSI ACT BMT 150 PS Manuel Highline,1
1.4 TSI ACT BMT 150 PS Manuel Trendline,1
1.4 TSI BMT 125 PS DSG Comfortline,1
1.4 TSI BMT 125 PS DSG Highline,1
1.4 TSI BMT 125 PS DSG Trendline,1
1.4 TSI BMT 125 PS Manuel Comfortline,1
1.4 TSI BMT 125 PS Manuel Highline,1
1.4 TSI BMT 125 PS Manuel Trendline,1
1.6 TDI BMT 120 PS DSG Comfortline,1
1.6 TDI BMT 120 PS DSG Highline,1
1.6 TDI BMT 120 PS DSG Trendline,1
1.6 TDI BMT 120 PS Manuel Comfortline,1
1.6 TDI BMT 120 PS Manuel Highline,1
1.6 TDI BMT 120 PS Manuel Trendline,1
2.0 TDI BMT 150 PS DSG Comfortline,2
2.0 TDI BMT 150 PS DSG Highline,2
2.0 TDI SCR BMT 190 PS DSG Highline,2
2.0 TDI SCR BMT 240 PS 4M DSG Highline,2
1.4 TSI ACT BMT 150 PS DSG Comfortline,1
1.4 TSI ACT BMT 150 PS DSG Highline,1
1.4 TSI BMT 125 PS DSG Comfortline,1
1.4 TSI BMT 125 PS DSG Highline,1
1.4 TSI BMT 125 PS Manuel Comfortline,1
1.6 TDI BMT 120 PS DSG Comfortline,1
1.6 TDI BMT 120 PS DSG Highline,1
1.6 TDI BMT 120 PS Manuel Comfortline,1
1.6 TDI BMT 120 PS Manuel Highline,1
2.0 TDI BMT 150 PS DSG Comfortline,2
2.0 TDI BMT 150 PS DSG Highline,2
2.0 TDI SCR BMT 190 PS DSG Highline,2
2.0 TDI SCR BMT 240 PS 4M DSG Highline,2
1.0 75 PS Manuel Trendline,1
1.2 TSI BMT 90 PS DSG Allstar,1
1.2 TSI BMT 90 PS DSG Comfortline,1
1.2 TSI BMT 90 PS Manuel Allstar,1
1.2 TSI BMT 90 PS Manuel Comfortline,1
1.4 TDI 75 PS Manuel Trendline,1
1.4 TDI BMT 90 PS DSG Comfortline,1
1.4 TDI BMT 90 PS Manuel Comfortline,1
1.4 TSI BMT 125 PS Manuel Allstar,1
1.4 TSI BMT 125 PS Manuel Sportline,1
1.4 TSI BMT 150 PS DSG Allstar,1
1.4 TSI BMT 150 PS DSG Sportline,1
1.4 TSI ACT BMT 150 PS DSG Comfortline,1
1.4 TSI ACT BMT 150 PS DSG Highline,1
1.4 TSI ACT BMT 150 PS DSG Trendline,1
1.4 TSI BMT 125 PS Manuel Comfortline,1
1.4 TSI BMT 125 PS Manuel Trendline,1
1.6 TDI SCR BMT 115 PS Manuel Comfortline,1
1.6 TDI SCR BMT 115 PS Manuel Highline,1
1.6 TDI SCR BMT 115 PS Manuel Trendline,1
2.0 TDI SCR BMT 150 PS 4MOTION DSG Comfortline,2
2.0 TDI SCR BMT 150 PS 4MOTION DSG Highline,2
3.0 V6 BMT TDI SCR 262 PS Premium,3
3.0 V6 BMT TDI SCR 262 PS Premium Terrain Tech.,3
1.5L 152HP T3 Advance,1
1.5L 152HP T3 Premium,1
1.5L 152HP T3 R-Design Plus,1
2.0L 190HP D4 Advance,2
2.0L 190HP D4 Inscription,2
2.0L 190HP D4 Momentum,2
2.0L 190HP D4 R-Design,2
2.0L 235HP D5 AWD Inscription,2
2.0L 235HP D5 AWD Momentum,2
2.0L 235HP D5 AWD R-Design,2
2.0L 320HP T6 AWD Inscription,2
2.0L 320HP T6 AWD Momentum,2
2.0L 320HP T6 AWD R-Design,2
1.5L 152HP T3 Advance,1
1.5L 152HP T3 Inscription,1
1.5L 152HP T3 Momentum,1
1.5L 152HP T3 R-Design Plus,1
1.5L 152HP T3 Advance,1
1.5L 152HP T3 Premium,1
2.0L 190HP D4 Advance,2
2.0L 190HP D4 Advance,2
2.0L 190HP D4 Inscription,2
2.0L 190HP D4 Momentum,2
2.0L 235HP D5 AWD Plus,2
2.0L 235HP D5 AWD Pro,2
2.0L 190HP D4 Advance,2
2.0L 235HP D5 AWD 7-koltuk Inscription,2
2.0L 235HP D5 AWD 7-koltuk Momentum,2
2.0L 235HP D5 AWD 7-koltuk R-Design,2
2.0L 320+87HP T8 Twin Engine AWD 4-koltuk Excellence,2
2.0L 320+87HP T8 Twin Engine AWD 7-koltuk Inscription,2
2.0L 320+87HP T8 Twin Engine AWD 7-koltuk Momentum,2
2.0L 320+87HP T8 Twin Engine AWD 7-koltuk R-Design,2